Qubit,T1 (us),T2 (us),Frequency (GHz),Anharmonicity (GHz),Readout assignment error ,Prob meas0 prep1 ,Prob meas1 prep0 ,Readout length (ns),ID error ,√x (sx) error ,Single-qubit Pauli-X error ,CNOT error ,Gate time (ns)
0,113.18,67.14,4.822,-0.3399,6.47E-02,0.077,0.0524,5351.111,2.59E-04,2.59E-04,2.59E-04,cx0_1:3.048e-2,0_1:760.889
1,103.79,72.91,4.76,-0.32644,1.19E-01,0.1774,0.06,5351.111,3.60E-04,3.60E-04,3.60E-04,cx1_2:1.017e-2; cx1_0:3.048e-2; cx1_3:1.000e+0,1_2:405.333; 1_0:725.333; 1_3:1144.889
2,117.98,96.04,4.907,-0.33862,9.10E-03,0.015,0.0032,5351.111,3.16E-04,3.16E-04,3.16E-04,cx2_1:1.017e-2,2_1:440.889
3,99.36,119.12,4.879,-0.33864,2.19E-02,0.0356,0.0082,5351.111,2.28E-04,2.28E-04,2.28E-04,cx3_5:9.325e-3; cx3_1:1.000e+0,3_5:433.778; 3_1:1109.333
4,86.11,48.58,4.871,-0.33889,2.44E-02,0.0354,0.0134,5351.111,7.04E-04,7.04E-04,7.04E-04,cx4_5:1.311e-2,4_5:398.222
5,81.76,142.78,4.964,-0.32184,1.20E-02,0.021,0.003,5351.111,2.20E-04,2.20E-04,2.20E-04,cx5_6:6.551e-3; cx5_4:1.311e-2; cx5_3:9.325e-3,5_6:341.333; 5_4:362.667; 5_3:398.222
6,81.54,96.27,5.177,-0.33499,1.78E-02,0.0258,0.0098,5351.111,2.27E-04,2.27E-04,2.27E-04,cx6_5:6.551e-3,6_5:305.778