Qubit,T1 (us),T2 (us),Frequency (GHz),Anharmonicity (GHz),Readout assignment error ,Prob meas0 prep1 ,Prob meas1 prep0 ,Readout length (ns),ID error ,√x (sx) error ,Single-qubit Pauli-X error ,CNOT error ,Gate time (ns)
Q0,116.58,51.7,4.822,-0.3399,5.330e-2,0.0646,0.042,5351.111,3.065e-4,3.065e-4,3.065e-4,0_1:1.540e-2,0_1:760.889
Q1,85.2,102.8,4.76,-0.32644,6.310e-2,0.056,0.0702,5351.111,2.508e-4,2.508e-4,2.508e-4,1_2:1.096e-2; 1_0:1.540e-2; 1_3:1.455e-1,1_2:405.333; 1_0:725.333; 1_3:1144.889
Q2,106.88,114.96,4.907,-0.33862,1.100e-2,0.0178,0.0042,5351.111,3.347e-4,3.347e-4,3.347e-4,2_1:1.096e-2,2_1:440.889
Q3,89.06,121.73,4.879,-0.33864,1.890e-2,0.0302,0.0076,5351.111,2.730e-4,2.730e-4,2.730e-4,3_5:8.882e-3; 3_1:1.455e-1,3_5:433.778; 3_1:1109.333
Q4,102.42,51.66,4.871,-0.33889,2.030e-2,0.0284,0.0122,5351.111,2.350e-4,2.350e-4,2.350e-4,4_5:6.655e-3,4_5:398.222
Q5,41.82,60.45,4.964,-0.32184,1.170e-2,0.0182,0.0052,5351.111,2.697e-4,2.697e-4,2.697e-4,5_6:8.427e-3; 5_4:6.655e-3; 5_3:8.882e-3,5_6:341.333; 5_4:362.667; 5_3:398.222
Q6,80.1,156.99,5.177,-0.33499,2.120e-2,0.0344,0.008,5351.111,2.554e-4,2.554e-4,2.554e-4,6_5:8.427e-3,6_5:305.778
