Qubit,T1 (us),T2 (us),Frequency (GHz),Anharmonicity (GHz),Readout assignment error ,Prob meas0 prep1 ,Prob meas1 prep0 ,Readout length (ns),ID error ,√x (sx) error ,Single-qubit Pauli-X error ,CNOT error ,Gate time (ns)
0,93.5,135.12,5,-0.33689,3.55E-02,0.0276,0.0434,5048.889,5.25E-04,5.25E-04,5.25E-04,cx0_1:3.764e-2,0_1:689.778
1,152.09,74.42,4.844,-0.32571,4.67E-02,0.0612,0.0322,5048.889,1.87E-04,1.87E-04,1.87E-04,cx1_2:8.782e-3; cx1_0:3.764e-2,1_2:497.778; 1_0:654.222
2,91.8,115.01,4.783,-0.34287,4.46E-02,0.0658,0.0234,5048.889,2.12E-04,2.12E-04,2.12E-04,cx2_3:7.607e-3; cx2_1:8.782e-3,2_3:625.778; 2_1:533.333
3,223.01,256.94,4.858,-0.32528,4.42E-02,0.0516,0.0368,5048.889,2.02E-04,2.02E-04,2.02E-04,cx3_4:8.590e-3; cx3_2:7.607e-3,3_4:369.778; 3_2:590.222
4,112.5,163.97,4.978,-0.33796,3.88E-02,0.0414,0.0362,5048.889,1.50E-04,1.50E-04,1.50E-04,cx4_3:8.590e-3,4_3:334.222