Qubit,T1 (us),T2 (us),Frequency (GHz),Anharmonicity (GHz),Readout assignment error ,Prob meas0 prep1 ,Prob meas1 prep0 ,Readout length (ns),ID error ,√x (sx) error ,Single-qubit Pauli-X error ,CNOT error ,Gate time (ns)
0,148.81,199.21,4.833,-0.34189,2.16E-02,0.0254,0.0178,4017.778,2.68E-04,2.68E-04,2.68E-04,cx0_1:5.917e-3,0_1:526.222
1,150.24,94.01,4.624,-0.32823,1.33E-02,0.0186,0.008,4017.778,1.66E-04,1.66E-04,1.66E-04,cx1_2:6.678e-3; cx1_0:5.917e-3,1_2:355.556; 1_0:561.778
2,79.36,56.55,4.821,-0.34107,1.16E-02,0.019,0.0042,4017.778,2.14E-04,2.14E-04,2.14E-04,cx2_3:6.046e-3; cx2_1:6.678e-3,2_3:376.889; 2_1:320
3,166.53,88.41,4.742,-0.34013,7.00E-03,0.0092,0.0048,4017.778,1.77E-04,1.77E-04,1.77E-04,cx3_4:6.201e-3; cx3_2:6.046e-3,3_4:376.889; 3_2:412.444
4,88.5,120.2,4.816,-0.34291,2.05E-02,0.0302,0.0108,4017.778,2.81E-04,2.81E-04,2.81E-04,cx4_3:6.201e-3,4_3:341.333