Qubit,T1 (us),T2 (us),Frequency (GHz),Anharmonicity (GHz),Readout assignment error ,Prob meas0 prep1 ,Prob meas1 prep0 ,Readout length (ns),ID error ,√x (sx) error ,Single-qubit Pauli-X error ,CNOT error ,Gate time (ns)
0,188.93,87.85,4.833,-0.34189,1.71E-02,0.0254,0.0088,4017.778,4.67E-04,4.67E-04,4.67E-04,cx0_1:2.201e-2,0_1:526.222
1,124.43,102.52,4.624,-0.32823,1.62E-02,0.016,0.0164,4017.778,3.28E-04,3.28E-04,3.28E-04,cx1_2:3.783e-2; cx1_0:2.201e-2,1_2:355.556; 1_0:561.778
2,124.23,75.67,4.821,-0.34107,1.11E-02,0.016,0.0062,4017.778,2.95E-04,2.95E-04,2.95E-04,cx2_3:6.573e-3; cx2_1:3.783e-2,2_3:376.889; 2_1:320
3,195.2,111.63,4.742,-0.34013,7.40E-03,0.0108,0.004,4017.778,2.21E-04,2.21E-04,2.21E-04,cx3_4:5.344e-3; cx3_2:6.573e-3,3_4:376.889; 3_2:412.444
4,143.14,194.99,4.816,-0.34291,6.50E-03,0.0104,0.0026,4017.778,1.64E-04,1.64E-04,1.64E-04,cx4_3:5.344e-3,4_3:341.333