Qubit,T1 (us),T2 (us),Frequency (GHz),Anharmonicity (GHz),Readout assignment error ,Prob meas0 prep1 ,Prob meas1 prep0 ,Readout length (ns),ID error ,√x (sx) error ,Single-qubit Pauli-X error ,CNOT error ,Gate time (ns)
0,105.99,152.12,5,-0.33689,4.61E-02,0.0666,0.0256,5048.889,4.39E-04,4.39E-04,4.39E-04,cx0_1:3.811e-2,0_1:689.778
1,111.08,74.44,4.844,-0.32571,1.04E-01,0.1112,0.0972,5048.889,2.53E-04,2.53E-04,2.53E-04,cx1_2:8.775e-3; cx1_0:3.811e-2,1_2:497.778; 1_0:654.222
2,105.87,150.11,4.783,-0.34287,1.96E-02,0.03,0.0092,5048.889,1.27E-04,1.27E-04,1.27E-04,cx2_3:7.494e-3; cx2_1:8.775e-3,2_3:625.778; 2_1:533.333
3,168.07,320.75,4.858,-0.32528,2.67E-02,0.042,0.0114,5048.889,3.20E-04,3.20E-04,3.20E-04,cx3_4:9.974e-3; cx3_2:7.494e-3,3_4:369.778; 3_2:590.222
4,151.53,160.16,4.978,-0.33796,3.13E-02,0.0492,0.0134,5048.889,2.42E-04,2.42E-04,2.42E-04,cx4_3:9.974e-3,4_3:334.222