Qubit,T1 (us),T2 (us),Frequency (GHz),Anharmonicity (GHz),Readout assignment error ,Prob meas0 prep1 ,Prob meas1 prep0 ,Readout length (ns),ID error ,√x (sx) error ,Single-qubit Pauli-X error ,CNOT error ,Gate time (ns)
0,117.78,196.74,4.833,-0.34189,2.18E-02,0.0294,0.0142,4017.778,2.06E-04,2.06E-04,2.06E-04,cx0_1:1.028e-2,0_1:526.222
1,156.51,90.74,4.624,-0.32823,2.02E-02,0.031,0.0094,4017.778,3.20E-04,3.20E-04,3.20E-04,cx1_2:7.668e-3; cx1_0:1.028e-2,1_2:355.556; 1_0:561.778
2,146.69,101.75,4.821,-0.34107,1.06E-02,0.016,0.0052,4017.778,2.03E-04,2.03E-04,2.03E-04,cx2_3:6.417e-3; cx2_1:7.668e-3,2_3:376.889; 2_1:320
3,157.39,83.41,4.742,-0.34013,8.30E-03,0.012,0.0046,4017.778,2.07E-04,2.07E-04,2.07E-04,cx3_4:6.022e-3; cx3_2:6.417e-3,3_4:376.889; 3_2:412.444
4,117.37,128.68,4.816,-0.34291,1.14E-02,0.0164,0.0064,4017.778,2.20E-04,2.20E-04,2.20E-04,cx4_3:6.022e-3,4_3:341.333