Qubit,T1 (us),T2 (us),Frequency (GHz),Anharmonicity (GHz),Readout assignment error ,Prob meas0 prep1 ,Prob meas1 prep0 ,Readout length (ns),ID error ,√x (sx) error ,Single-qubit Pauli-X error ,CNOT error ,Gate time (ns)
0,99.5,51.61,4.822,-0.3399,3.58E-02,0.0242,0.0474,5351.111,3.30E-04,3.30E-04,3.30E-04,cx0_1:1.393e-2,0_1:810.667
1,98.37,57.91,4.775,-0.32644,6.27E-02,0.0718,0.0536,5351.111,5.63E-04,5.63E-04,5.63E-04,cx1_3:1.247e-2; cx1_0:1.393e-2; cx1_2:1.000e+0,1_3:355.556; 1_0:775.111; 1_2:455.111
2,111.28,148.08,4.907,-0.33862,1.04E-02,0.0122,0.0086,5351.111,2.38E-04,2.38E-04,2.38E-04,cx2_1:1.000e+0,2_1:490.667
3,110.24,158.64,4.879,-0.33864,1.36E-02,0.018,0.0092,5351.111,3.06E-04,3.06E-04,3.06E-04,cx3_5:9.718e-3; cx3_1:1.247e-2,3_5:433.778; 3_1:320
4,92.19,54.47,4.871,-0.33889,1.32E-02,0.0214,0.005,5351.111,2.50E-04,2.50E-04,2.50E-04,cx4_5:1.000e-2,4_5:398.222
5,115.79,153.57,4.964,-0.32184,1.03E-02,0.0142,0.0064,5351.111,2.52E-04,2.52E-04,2.52E-04,cx5_6:7.062e-3; cx5_4:1.000e-2; cx5_3:9.718e-3,5_6:341.333; 5_4:362.667; 5_3:398.222
6,104.39,224.07,5.177,-0.33499,1.69E-02,0.0204,0.0134,5351.111,2.04E-04,2.04E-04,2.04E-04,cx6_5:7.062e-3,6_5:305.778