Qubit,T1 (us),T2 (us),Frequency (GHz),Anharmonicity (GHz),Readout assignment error ,Prob meas0 prep1 ,Prob meas1 prep0 ,Readout length (ns),ID error ,√x (sx) error ,Single-qubit Pauli-X error ,CNOT error ,Gate time (ns)
Q0,111.8,106.6,4.833,-0.34189,1.720e-2,0.0208,0.0136,4017.778,2.183e-4,2.183e-4,2.183e-4,0_1:6.178e-3,0_1:526.222
Q1,123.54,90.19,4.624,-0.32823,1.890e-2,0.0276,0.0102,4017.778,2.270e-4,2.270e-4,2.270e-4,1_2:6.443e-3; 1_0:6.178e-3,1_2:355.556; 1_0:561.778
Q2,126.95,91.93,4.821,-0.34107,1.050e-2,0.0126,0.0084,4017.778,2.176e-4,2.176e-4,2.176e-4,2_3:6.533e-3; 2_1:6.443e-3,2_3:376.889; 2_1:320
Q3,128.58,85.17,4.742,-0.34013,5.900e-3,0.0072,0.0046,4017.778,1.953e-4,1.953e-4,1.953e-4,3_4:7.029e-3; 3_2:6.533e-3,3_4:376.889; 3_2:412.444
Q4,99.2,147.66,4.816,-0.34291,1.460e-2,0.0212,0.008,4017.778,3.145e-4,3.145e-4,3.145e-4,4_3:7.029e-3,4_3:341.333
