Qubit,T1 (us),T2 (us),Frequency (GHz),Anharmonicity (GHz),Readout assignment error ,Prob meas0 prep1 ,Prob meas1 prep0 ,Readout length (ns),ID error ,√x (sx) error ,Single-qubit Pauli-X error ,CNOT error ,Gate time (ns)
0,145.62,137.06,5,-0.33689,2.56E-02,0.0224,0.0288,5048.889,2.29E-04,2.29E-04,2.29E-04,cx0_1:9.174e-3,0_1:689.778
1,100.02,85.73,4.85,-0.32571,2.73E-02,0.0394,0.0152,5048.889,2.19E-04,2.19E-04,2.19E-04,cx1_2:6.952e-3; cx1_0:9.174e-3,1_2:497.778; 1_0:654.222
2,119.5,162.71,4.783,-0.34287,1.57E-02,0.0256,0.0058,5048.889,1.68E-04,1.68E-04,1.68E-04,cx2_3:6.702e-3; cx2_1:6.952e-3,2_3:625.778; 2_1:533.333
3,142.51,200.23,4.858,-0.32528,1.95E-02,0.0332,0.0058,5048.889,1.99E-04,1.99E-04,1.99E-04,cx3_4:8.021e-3; cx3_2:6.702e-3,3_4:369.778; 3_2:590.222
4,106.03,144.73,4.978,-0.33796,4.15E-02,0.0746,0.0084,5048.889,2.82E-04,2.82E-04,2.82E-04,cx4_3:8.021e-3,4_3:334.222