Qubit,T1 (us),T2 (us),Frequency (GHz),Anharmonicity (GHz),Readout assignment error ,Prob meas0 prep1 ,Prob meas1 prep0 ,Readout length (ns),ID error ,√x (sx) error ,Single-qubit Pauli-X error ,CNOT error ,Gate time (ns)
0,113.84,114.97,5,-0.33689,1.17E-02,0.0174,0.006,5048.889,2.12E-04,2.12E-04,2.12E-04,cx0_1:8.973e-3,0_1:689.778
1,125.37,90.05,4.85,-0.32571,2.70E-02,0.0296,0.0244,5048.889,2.28E-04,2.28E-04,2.28E-04,x1_2:2.587e-2; cx1_0:8.973e-3,1_2:497.778; 1_0:654.222
2,147.06,110.43,4.783,-0.34287,1.72E-02,0.029,0.0054,5048.889,1.86E-03,1.86E-03,1.86E-03,cx2_3:3.137e-2; cx2_1:2.587e-2,2_3:625.778; 2_1:533.333
3,124.81,172.63,4.858,-0.32528,2.12E-02,0.0308,0.0116,5048.889,2.03E-04,2.03E-04,2.03E-04,cx3_4:6.716e-3; cx3_2:3.137e-2,3_4:369.778; 3_2:590.222
4,69.76,101.57,4.978,-0.33796,2.16E-02,0.027,0.0162,5048.889,3.11E-04,3.11E-04,3.11E-04,cx4_3:6.716e-3,4_3:334.222