Qubit,T1 (us),T2 (us),Frequency (GHz),Anharmonicity (GHz),Readout assignment error ,Prob meas0 prep1 ,Prob meas1 prep0 ,Readout length (ns),ID error ,√x (sx) error ,Single-qubit Pauli-X error ,CNOT error ,Gate time (ns)
0,119.43,117.87,5,-0.33689,1.46E-02,0.0176,0.0116,5048.889,2.11E-04,2.11E-04,2.11E-04,cx0_1:8.809e-3,0_1:689.778
1,111.21,103.56,4.85,-0.32571,2.36E-02,0.0346,0.0126,5048.889,2.27E-04,2.27E-04,2.27E-04,cx1_2:9.985e-3; cx1_0:8.809e-3,1_2:497.778; 1_0:654.222
2,109.47,126.81,4.783,-0.34287,1.35E-02,0.0222,0.0048,5048.889,2.13E-04,2.13E-04,2.13E-04,cx2_3:8.866e-3; cx2_1:9.985e-3,2_3:625.778; 2_1:533.333
3,122.96,203.4,4.858,-0.32528,2.06E-02,0.0352,0.006,5048.889,1.89E-04,1.89E-04,1.89E-04,cx3_4:8.128e-3; cx3_2:8.866e-3,3_4:369.778; 3_2:590.222
4,47.76,87.78,4.978,-0.33796,1.69E-02,0.0276,0.0062,5048.889,2.48E-04,2.48E-04,2.48E-04,cx4_3:8.128e-3,4_3:334.222