Qubit,T1 (us),T2 (us),Frequency (GHz),Anharmonicity (GHz),Readout assignment error ,Prob meas0 prep1 ,Prob meas1 prep0 ,Readout length (ns),ID error ,√x (sx) error ,Single-qubit Pauli-X error ,CNOT error ,Gate time (ns)
0,71.84,49.95,4.822,-0.3399,1.67E-02,0.0246,0.0088,5351.111,3.56E-04,3.56E-04,3.56E-04,cx0_1:1.772e-2,0_1:497.778
1,133.45,56.78,4.76,-0.32644,2.00E-02,0.0322,0.0078,5351.111,2.58E-04,2.58E-04,2.58E-04,cx1_3:6.546e-3; cx1_2:4.300e-2; cx1_0:1.772e-2,1_3:355.556; 1_2:398.222; 1_0:462.222
2,101.08,137.24,4.907,-0.33862,6.76E-02,0.1262,0.009,5351.111,4.88E-03,4.88E-03,4.88E-03,cx2_1:4.300e-2,2_1:433.778
3,115.84,231.64,4.879,-0.33864,1.90E-02,0.0254,0.0126,5351.111,2.04E-04,2.04E-04,2.04E-04,cx3_5:9.350e-3; cx3_1:6.546e-3,3_5:433.778; 3_1:320
4,106.86,52.08,4.871,-0.33889,1.81E-02,0.0264,0.0098,5351.111,3.52E-04,3.52E-04,3.52E-04,cx4_5:8.997e-3,4_5:398.222
5,69.58,137.17,4.964,-0.32184,1.30E-02,0.021,0.005,5351.111,3.53E-04,3.53E-04,3.53E-04,cx5_6:7.831e-3; cx5_4:8.997e-3; cx5_3:9.350e-3,5_6:341.333; 5_4:362.667; 5_3:398.222
6,50.13,45.52,5.177,-0.33499,2.19E-02,0.033,0.0108,5351.111,3.01E-04,3.01E-04,3.01E-04,cx6_5:7.831e-3,6_5:305.778