Qubit,T1 (us),T2 (us),Frequency (GHz),Anharmonicity (GHz),Readout assignment error ,Prob meas0 prep1 ,Prob meas1 prep0 ,Readout length (ns),ID error ,√x (sx) error ,Single-qubit Pauli-X error ,CNOT error ,Gate time (ns)
0,124.29,114.28,5,-0.33689,1.26E-02,0.019,0.0062,5048.889,2.00E-04,2.00E-04,2.00E-04,cx0_1:8.806e-3,0_1:689.778
1,114.9,98.51,4.85,-0.32571,1.47E-02,0.0188,0.0106,5048.889,2.39E-04,2.39E-04,2.39E-04,cx1_2:9.638e-3; cx1_0:8.806e-3,1_2:497.778; 1_0:654.222
2,119.75,153.93,4.783,-0.34287,1.32E-02,0.0194,0.007,5048.889,1.81E-04,1.81E-04,1.81E-04,cx2_3:1.701e-2; cx2_1:9.638e-3,2_3:625.778; 2_1:533.333
3,75.55,104.2,4.858,-0.32528,2.85E-02,0.0446,0.0124,5048.889,4.65E-04,4.65E-04,4.65E-04,cx3_4:1.044e-2; cx3_2:1.701e-2,3_4:369.778; 3_2:590.222
4,49.17,93.42,4.978,-0.33796,3.00E-02,0.0346,0.0254,5048.889,2.34E-04,2.34E-04,2.34E-04,cx4_3:1.044e-2,4_3:334.222